 links,audiodeal,www.lightdeal.nl,audiodeal.gif,submitted,Thursday 10 June 2010
 links,crgmusic,www.ctgmusic.com,crgmusic.gif,submitted,Thursday 10 June 2010
 links,discotheek the history,www.thehistory.nl,discotheek the history.gif,submitted,Thursday 10 June 2010
 links,Dj 2 Dj,www.dj2dj.be,DJ 2 DJ.gif,submitted,Thursday 10 June 2010
 links,dj-specials,www.dj-specials.nl,dj-specials.gif,submitted,Thursday 10 June 2010
 links,djtimes,www.djtimes.com,djtimes.gif,submitted,Thursday 10 June 2010
 links,dms events,www.dmsgroup.eu,dms events.gif,submitted,Thursday 10 June 2010
 links,laguna verkoop,www.laguna.nl,laguna verkoop.gif,submitted,Thursday 10 June 2010
 links,laserforum,www.laserforum.nl,laserforum.gif,submitted,Thursday 10 June 2010
 links,musiclinks,www.musiclinks.nl,musiclinks.gif,submitted,Thursday 10 June 2010
 links,net events,www.netevents.be,net events.gif,submitted,Thursday 10 June 2010
 links,POPPUNT ,www.poppunt.be,POPPUNT.gif,submitted,Thursday 10 June 2010
 links,Red bull music academy,www.redbullmusicacademy.com,RED BULL MUSIC ACADEMY 2005.gif,submitted,Thursday 10 June 2010
 links,showbizzsite,www.showbizzsite.be,showbizzsite.gif,submitted,Thursday 10 June 2010
 links,trouweninderegio,www.trouweninderegio.be,trouweninderegio.gif,submitted,Thursday 10 June 2010